label,strategy,model,epoch,train_loss,val_loss,auc,sensitivity,ppv,f1,accuracy,body_acc
S1_Single_ResNet50,S1,Single_ResNet50,1,0.5861,0.7856,0.7777,0.7092,0.6871,0.698,0.7063,
S1_Single_ResNet50,S1,Single_ResNet50,2,0.5857,0.7814,0.7826,0.7,0.7014,0.7007,0.7138,
S1_Single_ResNet50,S1,Single_ResNet50,3,0.5821,0.8507,0.7869,0.7595,0.6682,0.7109,0.7044,
S1_Single_ResNet50,S1,Single_ResNet50,4,0.5813,0.7273,0.7793,0.7373,0.6767,0.7057,0.7057,
S1_Single_ResNet50,S1,Single_ResNet50,5,0.5803,0.8669,0.7858,0.6824,0.7175,0.6995,0.7194,
S1_Single_ResNet50,S1,Single_ResNet50,6,0.5778,0.8564,0.7746,0.7484,0.6684,0.7061,0.7019,
S1_Single_ResNet50,S1,Single_ResNet50,7,0.5771,0.94,0.7624,0.8196,0.6153,0.7029,0.6684,
S1_Single_ResNet50,S1,Single_ResNet50,8,0.5772,0.8592,0.7828,0.7771,0.6642,0.7163,0.7053,
S1_Single_ResNet50,S1,Single_ResNet50,9,0.576,0.8923,0.7802,0.6967,0.6891,0.6929,0.7044,
S1_Single_ResNet50,S1,Single_ResNet50,10,0.5758,0.8724,0.779,0.7418,0.6764,0.7076,0.7066,
S1_Single_ResNet50,S1,Single_ResNet50,11,0.5757,1.094,0.7592,0.819,0.6179,0.7043,0.6709,
S1_Single_ResNet50,S1,Single_ResNet50,12,0.5725,0.8946,0.7717,0.7392,0.6661,0.7007,0.6978,
S1_Single_ResNet50,S1,Single_ResNet50,13,0.5717,0.9167,0.7691,0.8065,0.64,0.7137,0.6903,
S1_Single_ResNet50,S1,Single_ResNet50,14,0.57,0.8845,0.7836,0.5451,0.7514,0.6318,0.696,
S1_Single_ResNet50,S1,Single_ResNet50,15,0.5701,0.8935,0.7743,0.6719,0.6853,0.6785,0.6953,
S1_Single_ResNet50,S1,Single_ResNet50,16,0.5699,0.8955,0.7661,0.6791,0.6863,0.6827,0.6978,
S1_Single_ResNet50,S1,Single_ResNet50,17,0.5715,0.9157,0.7787,0.7229,0.6815,0.7016,0.7057,
S1_Single_ResNet50,S1,Single_ResNet50,18,0.5698,0.9631,0.7759,0.7242,0.676,0.6993,0.7019,
S1_Single_ResNet50,S1,Single_ResNet50,19,0.5674,1.1452,0.7772,0.7235,0.6808,0.7015,0.7053,
S1_Single_ResNet50,S1,Single_ResNet50,20,0.5684,1.006,0.776,0.4784,0.8026,0.5995,0.6941,
S1_Multi_ResNet50,S1,Multi_ResNet50,1,1.9731,1.565,0.7539,0.6895,0.669,0.6791,0.6881,0.781
S1_Multi_ResNet50,S1,Multi_ResNet50,2,1.975,1.4177,0.7717,0.519,0.7709,0.6203,0.696,0.7973
S1_Multi_ResNet50,S1,Multi_ResNet50,3,1.9756,1.4466,0.7786,0.7608,0.6636,0.7089,0.701,0.7807
S1_Multi_ResNet50,S1,Multi_ResNet50,4,1.9688,1.5641,0.7761,0.7235,0.6746,0.6982,0.7007,0.7648
S1_Multi_ResNet50,S1,Multi_ResNet50,5,1.9688,1.4286,0.7693,0.6719,0.6984,0.6849,0.7041,0.8023
S1_Multi_ResNet50,S1,Multi_ResNet50,6,1.9765,1.5232,0.779,0.6144,0.7367,0.67,0.7104,0.7876
S1_Multi_ResNet50,S1,Multi_ResNet50,7,1.9679,1.9232,0.761,0.581,0.7216,0.6437,0.6922,0.7942
S1_Multi_ResNet50,S1,Multi_ResNet50,8,1.9602,1.5408,0.7774,0.6882,0.6997,0.6939,0.7094,0.7782
S1_Multi_ResNet50,S1,Multi_ResNet50,9,1.9609,1.5382,0.7611,0.7588,0.6556,0.7034,0.6938,0.7945
S1_Multi_ResNet50,S1,Multi_ResNet50,10,1.9648,1.4705,0.7745,0.5379,0.7544,0.628,0.695,0.7873
S1_Multi_ResNet50,S1,Multi_ResNet50,11,1.9618,1.709,0.7588,0.6739,0.6938,0.6837,0.7016,0.7779
S1_Multi_ResNet50,S1,Multi_ResNet50,12,1.9622,1.6063,0.7523,0.615,0.6599,0.6367,0.6641,0.7976
S1_Multi_ResNet50,S1,Multi_ResNet50,13,1.9679,1.6912,0.7569,0.698,0.6704,0.684,0.6913,0.7961
S1_Multi_ResNet50,S1,Multi_ResNet50,14,1.9608,1.4783,0.7747,0.7209,0.6889,0.7046,0.7107,0.781
S1_Multi_ResNet50,S1,Multi_ResNet50,15,1.9561,1.6791,0.7711,0.534,0.7495,0.6237,0.6916,0.7936
S1_Multi_ResNet50,S1,Multi_ResNet50,16,1.9648,1.5451,0.7678,0.7451,0.6628,0.7015,0.6966,0.7954
S1_Multi_ResNet50,S1,Multi_ResNet50,17,1.9621,1.6635,0.7671,0.6444,0.7068,0.6742,0.7019,0.786
S1_Multi_ResNet50,S1,Multi_ResNet50,18,1.9469,1.545,0.785,0.7026,0.7049,0.7038,0.7169,0.8033
S1_Multi_ResNet50,S1,Multi_ResNet50,19,1.9584,1.6607,0.7694,0.6216,0.7118,0.6636,0.6985,0.786
S1_Multi_ResNet50,S1,Multi_ResNet50,20,1.9679,1.6896,0.76,0.6954,0.6777,0.6865,0.696,0.777
S1_Single_ConvNeXt,S1,Single_ConvNeXt,1,0.5528,1.1052,0.8121,0.749,0.7118,0.7299,0.7348,
S1_Single_ConvNeXt,S1,Single_ConvNeXt,2,0.5484,1.3426,0.8002,0.6941,0.7254,0.7094,0.7279,
S1_Single_ConvNeXt,S1,Single_ConvNeXt,3,0.5504,1.3111,0.8069,0.751,0.701,0.7251,0.7276,
S1_Single_ConvNeXt,S1,Single_ConvNeXt,4,0.5544,1.2152,0.8114,0.6915,0.7409,0.7153,0.7366,
S1_Single_ConvNeXt,S1,Single_ConvNeXt,5,0.5452,1.2064,0.8032,0.7673,0.6878,0.7254,0.7219,
S1_Single_ConvNeXt,S1,Single_ConvNeXt,6,0.5501,1.2593,0.8114,0.7229,0.7272,0.725,0.7376,
S1_Single_ConvNeXt,S1,Single_ConvNeXt,7,0.5481,1.3772,0.8065,0.7386,0.7138,0.726,0.7332,
S1_Single_ConvNeXt,S1,Single_ConvNeXt,8,0.5516,1.3569,0.8144,0.7366,0.7276,0.7321,0.7419,
S1_Single_ConvNeXt,S1,Single_ConvNeXt,9,0.5515,1.1296,0.8124,0.7176,0.7325,0.725,0.7394,
S1_Single_ConvNeXt,S1,Single_ConvNeXt,10,0.5473,1.4848,0.8098,0.7373,0.7135,0.7252,0.7326,
S1_Single_ConvNeXt,S1,Single_ConvNeXt,11,0.552,1.1729,0.8127,0.581,0.7881,0.6689,0.7247,
S1_Single_ConvNeXt,S1,Single_ConvNeXt,12,0.5499,1.2773,0.8178,0.7471,0.7262,0.7365,0.7441,
S1_Single_ConvNeXt,S1,Single_ConvNeXt,13,0.5486,1.3426,0.8158,0.7425,0.7268,0.7346,0.7432,
S1_Single_ConvNeXt,S1,Single_ConvNeXt,14,0.5508,1.3757,0.8097,0.7026,0.7419,0.7217,0.7407,
S1_Single_ConvNeXt,S1,Single_ConvNeXt,15,0.5492,1.1918,0.8048,0.7333,0.7133,0.7232,0.7313,
S1_Single_ConvNeXt,S1,Single_ConvNeXt,16,0.5496,1.3976,0.8059,0.6974,0.7359,0.7161,0.7354,
S1_Single_ConvNeXt,S1,Single_ConvNeXt,17,0.5489,1.2244,0.8127,0.7157,0.7324,0.724,0.7388,
S1_Single_ConvNeXt,S1,Single_ConvNeXt,18,0.5486,1.3279,0.8047,0.7556,0.7057,0.7298,0.7322,
S1_Single_ConvNeXt,S1,Single_ConvNeXt,19,0.55,1.1882,0.8024,0.7059,0.7248,0.7152,0.731,
S1_Single_ConvNeXt,S1,Single_ConvNeXt,20,0.5508,1.3536,0.8124,0.6935,0.7425,0.7171,0.7382,
S1_Multi_ConvNeXt,S1,Multi_ConvNeXt,1,2.0722,1.7883,0.8083,0.7562,0.7085,0.7316,0.7344,0.8139
S1_Multi_ConvNeXt,S1,Multi_ConvNeXt,2,2.072,1.972,0.8095,0.7059,0.7418,0.7234,0.7416,0.8011
S1_Multi_ConvNeXt,S1,Multi_ConvNeXt,3,2.0723,2.2108,0.8162,0.7052,0.7345,0.7196,0.7369,0.8011
S1_Multi_ConvNeXt,S1,Multi_ConvNeXt,4,2.0566,2.1658,0.8132,0.7144,0.7287,0.7215,0.736,0.8045
S1_Multi_ConvNeXt,S1,Multi_ConvNeXt,5,2.0576,2.19,0.8105,0.717,0.7289,0.7229,0.7369,0.7914
S1_Multi_ConvNeXt,S1,Multi_ConvNeXt,6,2.071,2.045,0.8121,0.7307,0.7246,0.7276,0.7382,0.8117
S1_Multi_ConvNeXt,S1,Multi_ConvNeXt,7,2.065,1.7616,0.8126,0.749,0.7127,0.7304,0.7354,0.8073
S1_Multi_ConvNeXt,S1,Multi_ConvNeXt,8,2.0658,1.8087,0.8161,0.7608,0.7106,0.7348,0.7373,0.8089
S1_Multi_ConvNeXt,S1,Multi_ConvNeXt,9,2.0663,2.1151,0.8108,0.7529,0.7098,0.7307,0.7344,0.7945
S1_Multi_ConvNeXt,S1,Multi_ConvNeXt,10,2.0624,1.9805,0.8128,0.7222,0.7255,0.7239,0.7363,0.8067
S1_Multi_ConvNeXt,S1,Multi_ConvNeXt,11,2.0567,2.2721,0.8143,0.7046,0.7379,0.7208,0.7388,0.8029
S1_Multi_ConvNeXt,S1,Multi_ConvNeXt,12,2.0598,2.3401,0.8094,0.7373,0.7054,0.721,0.7269,0.8076
S1_Multi_ConvNeXt,S1,Multi_ConvNeXt,13,2.0673,2.2137,0.8084,0.7098,0.7269,0.7183,0.7335,0.8001
S1_Multi_ConvNeXt,S1,Multi_ConvNeXt,14,2.0474,1.9044,0.8158,0.7725,0.7074,0.7385,0.7382,0.8045
S1_Multi_ConvNeXt,S1,Multi_ConvNeXt,15,2.0627,2.2793,0.8098,0.6987,0.7418,0.7196,0.7394,0.8083
S1_Multi_ConvNeXt,S1,Multi_ConvNeXt,16,2.0616,1.8959,0.8133,0.768,0.7057,0.7355,0.7357,0.8061
S1_Multi_ConvNeXt,S1,Multi_ConvNeXt,17,2.0576,2.0743,0.8147,0.7281,0.7272,0.7276,0.7391,0.807
S1_Multi_ConvNeXt,S1,Multi_ConvNeXt,18,2.0569,2.0426,0.8131,0.7745,0.7012,0.736,0.7341,0.8029
S1_Multi_ConvNeXt,S1,Multi_ConvNeXt,19,2.05,2.2504,0.8037,0.798,0.6768,0.7325,0.721,0.7954
S1_Multi_ConvNeXt,S1,Multi_ConvNeXt,20,2.0582,1.8703,0.8149,0.7954,0.6876,0.7376,0.7291,0.797
S2_Single_ResNet50,S2,Single_ResNet50,1,0.5692,0.8413,0.7824,0.7163,0.6915,0.7037,0.7113,
S2_Single_ResNet50,S2,Single_ResNet50,2,0.5663,1.0431,0.7772,0.7418,0.6788,0.7089,0.7085,
S2_Single_ResNet50,S2,Single_ResNet50,3,0.5676,1.0951,0.7817,0.715,0.6907,0.7026,0.7104,
S2_Single_ResNet50,S2,Single_ResNet50,4,0.5648,1.1354,0.7822,0.6536,0.7107,0.681,0.7069,
S2_Single_ResNet50,S2,Single_ResNet50,5,0.5704,1.1586,0.7694,0.8085,0.6409,0.715,0.6916,
S2_Single_ResNet50,S2,Single_ResNet50,6,0.5687,1.0665,0.7733,0.7542,0.6613,0.7047,0.6975,
S2_Single_ResNet50,S2,Single_ResNet50,7,0.563,1.007,0.7733,0.7392,0.6708,0.7034,0.7016,
S2_Single_ResNet50,S2,Single_ResNet50,8,0.5637,0.951,0.7809,0.7176,0.6828,0.6998,0.7053,
S2_Single_ResNet50,S2,Single_ResNet50,9,0.5644,1.0819,0.7728,0.6974,0.6897,0.6935,0.705,
S2_Single_ResNet50,S2,Single_ResNet50,10,0.5624,1.0734,0.7727,0.6771,0.7009,0.6888,0.7072,
S2_Single_ResNet50,S2,Single_ResNet50,11,0.5626,1.0975,0.7791,0.7758,0.6624,0.7146,0.7035,
S2_Single_ResNet50,S2,Single_ResNet50,12,0.5627,1.2797,0.7808,0.649,0.7134,0.6797,0.7072,
S2_Single_ResNet50,S2,Single_ResNet50,13,0.5654,1.0325,0.7735,0.6922,0.6904,0.6913,0.7041,
S2_Single_ResNet50,S2,Single_ResNet50,14,0.5615,1.0743,0.7786,0.7386,0.6714,0.7034,0.7019,
S2_Single_ResNet50,S2,Single_ResNet50,15,0.5603,1.075,0.7777,0.7425,0.679,0.7093,0.7088,
S2_Single_ResNet50,S2,Single_ResNet50,16,0.564,1.0214,0.7791,0.7418,0.674,0.7063,0.7047,
S2_Single_ResNet50,S2,Single_ResNet50,17,0.5614,1.0998,0.7805,0.7314,0.6827,0.7062,0.7088,
S2_Single_ResNet50,S2,Single_ResNet50,18,0.5609,1.1269,0.778,0.7203,0.687,0.7033,0.7091,
S2_Single_ResNet50,S2,Single_ResNet50,19,0.5588,1.0978,0.7829,0.732,0.6838,0.7071,0.7097,
S2_Single_ResNet50,S2,Single_ResNet50,20,0.5608,1.177,0.7622,0.6954,0.6773,0.6862,0.6957,
S2_Multi_ResNet50,S2,Multi_ResNet50,1,1.9798,1.781,0.7806,0.6843,0.7041,0.6941,0.7113,0.7886
S2_Multi_ResNet50,S2,Multi_ResNet50,2,1.9798,1.7112,0.7625,0.6771,0.6861,0.6816,0.6972,0.7989
S2_Multi_ResNet50,S2,Multi_ResNet50,3,1.9812,1.7033,0.7747,0.7843,0.6466,0.7088,0.6916,0.7911
S2_Multi_ResNet50,S2,Multi_ResNet50,4,1.9804,1.4946,0.7598,0.668,0.6854,0.6766,0.6944,0.7998
S2_Multi_ResNet50,S2,Multi_ResNet50,5,1.98,1.6373,0.767,0.6797,0.6897,0.6847,0.7003,0.7954
S2_Multi_ResNet50,S2,Multi_ResNet50,6,1.9638,1.7951,0.7689,0.6523,0.7078,0.6789,0.7047,0.7857
S2_Multi_ResNet50,S2,Multi_ResNet50,7,1.9777,1.5874,0.7681,0.7046,0.6875,0.6959,0.7053,0.7967
S2_Multi_ResNet50,S2,Multi_ResNet50,8,1.9645,1.5629,0.775,0.7098,0.6817,0.6955,0.7025,0.7976
S2_Multi_ResNet50,S2,Multi_ResNet50,9,1.9548,1.735,0.7627,0.4627,0.7884,0.5832,0.6835,0.786
S2_Multi_ResNet50,S2,Multi_ResNet50,10,1.9657,1.5773,0.7682,0.7333,0.6631,0.6965,0.6941,0.7929
S2_Multi_ResNet50,S2,Multi_ResNet50,11,1.9568,1.7662,0.7779,0.7229,0.6819,0.7018,0.706,0.8001
S2_Multi_ResNet50,S2,Multi_ResNet50,12,1.9643,1.7034,0.7608,0.7542,0.6512,0.699,0.6891,0.7873
S2_Multi_ResNet50,S2,Multi_ResNet50,13,1.9664,1.9175,0.7611,0.6451,0.706,0.6742,0.7016,0.797
S2_Multi_ResNet50,S2,Multi_ResNet50,14,1.9677,2.0457,0.7578,0.5137,0.7353,0.6048,0.6788,0.7795
S2_Multi_ResNet50,S2,Multi_ResNet50,15,1.961,1.7944,0.763,0.6922,0.6819,0.687,0.6982,0.7842
S2_Multi_ResNet50,S2,Multi_ResNet50,16,1.9775,2.0409,0.7661,0.6275,0.7002,0.6618,0.6931,0.7829
S2_Multi_ResNet50,S2,Multi_ResNet50,17,1.9716,1.6792,0.7561,0.6085,0.6995,0.6508,0.6875,0.8001
S2_Multi_ResNet50,S2,Multi_ResNet50,18,1.9666,1.8028,0.7488,0.5418,0.711,0.615,0.6753,0.7923
S2_Multi_ResNet50,S2,Multi_ResNet50,19,1.9702,1.6706,0.7548,0.6765,0.676,0.6762,0.69,0.8001
S2_Multi_ResNet50,S2,Multi_ResNet50,20,1.9718,1.6692,0.7745,0.7222,0.6758,0.6983,0.7013,0.7873
S2_Single_ConvNeXt,S2,Single_ConvNeXt,1,0.5541,1.1316,0.8002,0.7477,0.7001,0.7231,0.726,
S2_Single_ConvNeXt,S2,Single_ConvNeXt,2,0.5509,1.2152,0.8035,0.5987,0.7621,0.6706,0.7185,
S2_Single_ConvNeXt,S2,Single_ConvNeXt,3,0.552,1.2953,0.8014,0.5843,0.768,0.6637,0.7166,
S2_Single_ConvNeXt,S2,Single_ConvNeXt,4,0.5539,1.2294,0.807,0.7242,0.7247,0.7244,0.7363,
S2_Single_ConvNeXt,S2,Single_ConvNeXt,5,0.5502,1.3712,0.8071,0.719,0.7223,0.7206,0.7332,
S2_Single_ConvNeXt,S2,Single_ConvNeXt,6,0.5481,1.2936,0.7949,0.7444,0.6928,0.7177,0.7197,
S2_Single_ConvNeXt,S2,Single_ConvNeXt,7,0.5517,1.222,0.8094,0.551,0.8137,0.6571,0.7247,
S2_Single_ConvNeXt,S2,Single_ConvNeXt,8,0.5529,1.0845,0.8035,0.6007,0.757,0.6698,0.7166,
S2_Single_ConvNeXt,S2,Single_ConvNeXt,9,0.546,1.4708,0.8026,0.7405,0.7002,0.7198,0.7241,
S2_Single_ConvNeXt,S2,Single_ConvNeXt,10,0.5498,1.3891,0.8099,0.7111,0.7287,0.7198,0.7351,
S2_Single_ConvNeXt,S2,Single_ConvNeXt,11,0.5511,1.2726,0.8051,0.698,0.7325,0.7149,0.7335,
S2_Single_ConvNeXt,S2,Single_ConvNeXt,12,0.5491,1.4518,0.801,0.6248,0.7522,0.6826,0.7219,
S2_Single_ConvNeXt,S2,Single_ConvNeXt,13,0.5492,1.5445,0.7992,0.7588,0.6944,0.7252,0.7247,
S2_Single_ConvNeXt,S2,Single_ConvNeXt,14,0.551,1.3665,0.7981,0.7725,0.6805,0.7236,0.7175,
S2_Single_ConvNeXt,S2,Single_ConvNeXt,15,0.5525,1.322,0.8081,0.7157,0.7305,0.723,0.7376,
S2_Single_ConvNeXt,S2,Single_ConvNeXt,16,0.5504,1.4571,0.802,0.7235,0.7221,0.7228,0.7344,
S2_Single_ConvNeXt,S2,Single_ConvNeXt,17,0.5494,1.2902,0.8016,0.7333,0.7048,0.7188,0.7254,
S2_Single_ConvNeXt,S2,Single_ConvNeXt,18,0.5492,1.3312,0.7975,0.715,0.7193,0.7171,0.7301,
S2_Single_ConvNeXt,S2,Single_ConvNeXt,19,0.5519,1.1863,0.804,0.7425,0.7096,0.7256,0.7313,
S2_Single_ConvNeXt,S2,Single_ConvNeXt,20,0.5489,1.3092,0.8078,0.7307,0.7199,0.7253,0.7351,
S2_Multi_ConvNeXt,S2,Multi_ConvNeXt,1,2.0803,2.1913,0.8182,0.7686,0.714,0.7403,0.7419,0.8026
S2_Multi_ConvNeXt,S2,Multi_ConvNeXt,2,2.0797,1.9416,0.8001,0.7856,0.6787,0.7283,0.7194,0.8011
S2_Multi_ConvNeXt,S2,Multi_ConvNeXt,3,2.0766,1.7148,0.8117,0.785,0.6926,0.7359,0.7304,0.8095
S2_Multi_ConvNeXt,S2,Multi_ConvNeXt,4,2.0763,2.0383,0.8127,0.7824,0.6923,0.7346,0.7294,0.8017
S2_Multi_ConvNeXt,S2,Multi_ConvNeXt,5,2.0767,1.8451,0.8132,0.7843,0.6981,0.7387,0.7344,0.807
S2_Multi_ConvNeXt,S2,Multi_ConvNeXt,6,2.0892,1.9753,0.807,0.7908,0.6813,0.732,0.7229,0.8064
S2_Multi_ConvNeXt,S2,Multi_ConvNeXt,7,2.0807,2.7758,0.8034,0.6699,0.7379,0.7023,0.7282,0.8008
S2_Multi_ConvNeXt,S2,Multi_ConvNeXt,8,2.0667,2.1073,0.8147,0.8052,0.6898,0.7431,0.7335,0.7992
S2_Multi_ConvNeXt,S2,Multi_ConvNeXt,9,2.0839,2.0091,0.81,0.7719,0.7009,0.7347,0.7332,0.7961
S2_Multi_ConvNeXt,S2,Multi_ConvNeXt,10,2.0787,2.2594,0.7989,0.7993,0.6687,0.7282,0.7144,0.7992
S2_Multi_ConvNeXt,S2,Multi_ConvNeXt,11,2.0901,2.3858,0.8026,0.7843,0.6776,0.7271,0.7182,0.7911
S2_Multi_ConvNeXt,S2,Multi_ConvNeXt,12,2.0798,2.4614,0.785,0.8301,0.6376,0.7212,0.6928,0.8036
S2_Multi_ConvNeXt,S2,Multi_ConvNeXt,13,2.0716,2.3986,0.796,0.7935,0.6767,0.7304,0.7197,0.802
S2_Multi_ConvNeXt,S2,Multi_ConvNeXt,14,2.0706,2.0474,0.8088,0.7948,0.6801,0.733,0.7229,0.7961
S2_Multi_ConvNeXt,S2,Multi_ConvNeXt,15,2.0714,2.1034,0.808,0.7425,0.7131,0.7275,0.7338,0.8054
S2_Multi_ConvNeXt,S2,Multi_ConvNeXt,16,2.084,2.3086,0.8127,0.7412,0.7209,0.7309,0.7388,0.8033
S2_Multi_ConvNeXt,S2,Multi_ConvNeXt,17,2.0833,1.9027,0.8049,0.7654,0.6933,0.7276,0.7257,0.8008
S2_Multi_ConvNeXt,S2,Multi_ConvNeXt,18,2.0722,2.263,0.8065,0.781,0.6904,0.7329,0.7276,0.7976
S2_Multi_ConvNeXt,S2,Multi_ConvNeXt,19,2.076,2.1067,0.8069,0.7569,0.6997,0.7272,0.7282,0.7954
S2_Multi_ConvNeXt,S2,Multi_ConvNeXt,20,2.0827,2.4176,0.8076,0.7033,0.7275,0.7152,0.7319,0.7986
